Schema,Table,Column,Type,Nullable,Default
dbo,dtproperties,id,int,No,
dbo,dtproperties,objectid,int,Yes,
dbo,dtproperties,property,varchar,No,
dbo,dtproperties,value,varchar,Yes,
dbo,dtproperties,uvalue,nvarchar,Yes,
dbo,dtproperties,lvalue,image,Yes,
dbo,dtproperties,version,int,No,(0)
dbo,g_app_setting,key1,varchar,No,
dbo,g_app_setting,key2,varchar,No,
dbo,g_app_setting,key3,varchar,No,
dbo,g_app_setting,nilai,varchar,Yes,
dbo,g_app_setting_group,id,bigint,No,
dbo,g_app_setting_group,kd_group,char,No,
dbo,g_app_setting_group,nilai,varchar,No,
dbo,g_app_setting_menu,id,bigint,No,
dbo,g_app_setting_menu,key1,varchar,No,
dbo,g_app_setting_menu,key2,varchar,No,
dbo,g_app_setting_menu,key3,varchar,No,
dbo,g_app_setting_user,id,bigint,No,
dbo,g_app_setting_user,kd_user,char,No,
dbo,g_app_setting_user,nilai,nvarchar,No,
dbo,g_help,nama_form,varchar,No,
dbo,g_help,nomor,int,No,
dbo,g_help,tanya,varchar,No,
dbo,g_help,jawab,varchar,No,
dbo,g_info_perusahaan,perusahaan,char,Yes,
dbo,g_info_perusahaan,nama,varchar,Yes,
dbo,g_info_perusahaan,alamat,char,Yes,
dbo,g_info_perusahaan,npwp,char,Yes,
dbo,g_info_perusahaan,pengukuhan,datetime,Yes,
dbo,g_info_perusahaan,direktur,char,Yes,
dbo,g_info_profile,perusahaan,varchar,No,
dbo,g_info_profile,alamat,varchar,No,
dbo,g_info_profile,kota,varchar,No,
dbo,g_info_profile,telp,varchar,No,
dbo,g_info_profile,hp,varchar,No,
dbo,g_info_profile,email,varchar,No,
dbo,g_info_profile,website,varchar,No,
dbo,g_info_profile,nama_kontak,varchar,No,
dbo,g_info_profile,modal_awal,money,Yes,
dbo,g_lickey,lic_key,varchar,No,
dbo,g_log_login,kd_user,char,No,
dbo,g_log_login,komputer,varchar,No,
dbo,g_log_login,ip,varchar,No,
dbo,g_log_login,tanggal,datetime,No,create default [DEF_TANGGAL_SERVER] as GETDATE()
dbo,g_log_login,status,tinyint,No,
dbo,g_mon_menu,menu,varchar,No,
dbo,g_mon_menu,tabel_induk,varchar,Yes,
dbo,g_mon_menu,kolom_PK,varchar,Yes,
dbo,g_mon_menu,no_urut,int,Yes,
dbo,g_mon_menu_detail,id,bigint,No,
dbo,g_mon_menu_detail,menu,varchar,No,
dbo,g_mon_menu_detail,nama,varchar,No,
dbo,g_mon_menu_detail,nama_query,varchar,No,
dbo,g_mon_menu_detail,no_urut,int,No,
dbo,g_mon_menu_detail,author,varchar,Yes,
dbo,g_mon_menu_detail,param,varchar,Yes,
dbo,g_mon_menu_detail,type,char,Yes,
dbo,g_nomor,nomor,varchar,No,
dbo,g_pesan_error,nomor,varchar,No,
dbo,g_pesan_error,tanggal,datetime,No,
dbo,g_pesan_error,form,varchar,No,
dbo,g_pesan_error,pesan,varchar,No,
dbo,g_pesan_error,oleh,char,No,
dbo,g_pesan_error,perusahaan,varchar,No,
dbo,g_pesan_error,status,tinyint,No,
dbo,g_setting,tempat_kerja,tinyint,No,
dbo,g_setting,toleransi_absen,int,No,
dbo,g_setting,cuti_per_tahun,int,Yes,
dbo,g_status_jenis,tabel,int,No,
dbo,g_status_jenis,status,int,No,
dbo,g_status_jenis,nama,varchar,No,
dbo,g_survey,nomor,bigint,No,
dbo,g_survey,tanya,varchar,No,
dbo,g_survey,pilihan,varchar,No,
dbo,g_survey,jawaban,varchar,Yes,
dbo,g_survey,nomor_next,bigint,No,
dbo,g_survey,jenis_jawaban,varchar,No,
dbo,g_survey,kategori,varchar,Yes,
dbo,g_survey,keterangan,varchar,Yes,
dbo,g_survey_jawaban,jenis_jawaban,varchar,No,
dbo,g_survey_jawaban,keterangan,varchar,Yes,
dbo,g_tutup_buku,periode,int,No,
dbo,g_tutup_buku,tanggal,datetime,No,
dbo,g_user_group_mon_menu,id,bigint,No,
dbo,g_user_group_mon_menu,kd_group,char,No,
dbo,g_user_mon_menu,id,bigint,No,
dbo,g_user_mon_menu,kd_user,char,No,
dbo,g_versi,versi,varchar,No,
dbo,g_versi,nomor,int,Yes,
dbo,g_versi,tanggal,datetime,No,
dbo,g_versi,keterangan,varchar,No,
dbo,m_agama,kd_agama,char,No,
dbo,m_agama,nama,varchar,No,
dbo,m_agama,status,tinyint,No,
dbo,m_aset,kd_aset,char,No,
dbo,m_aset,kd_index,varchar,No,
dbo,m_aset,kd_supplier,char,No,
dbo,m_aset,kd_divisi,char,No,
dbo,m_aset,kd_kategori_aset,bigint,No,
dbo,m_aset,nama,varchar,No,
dbo,m_aset,tanggal_beli,datetime,No,
dbo,m_aset,tanggal_habis_garansi,datetime,No,
dbo,m_aset,harga_beli,money,No,
dbo,m_aset,penyusutan,float,No,
dbo,m_aset,nilai_residu,money,No,
dbo,m_aset,keterangan,varchar,No,
dbo,m_aset,status,tinyint,No,
dbo,m_aset,tanggal_jual,datetime,No,
dbo,m_aset,kd_kas,char,No,
dbo,m_aset,kd_jenis,char,No,
dbo,m_aset,no_bukti,varchar,No,
dbo,m_aset_kategori,kd_kategori_aset,bigint,No,
dbo,m_aset_kategori,nama,varchar,No,
dbo,m_aset_kategori,keterangan,varchar,No,
dbo,m_aset_kategori,status,tinyint,No,
dbo,m_bank,kd_bank,char,No,
dbo,m_bank,nama,varchar,No,
dbo,m_bank,keterangan,varchar,No,
dbo,m_bank,status,tinyint,No,
dbo,m_barang,kd_barang,varchar,No,
dbo,m_barang,kd_kategori,char,No,
dbo,m_barang,kd_jenis_bahan,char,No,
dbo,m_barang,kd_model,char,No,
dbo,m_barang,kd_merk,char,No,
dbo,m_barang,kd_warna,char,No,
dbo,m_barang,ukuran,float,No,
dbo,m_barang,nama,varchar,Yes,
dbo,m_barang,keterangan,varchar,No,
dbo,m_barang,status,tinyint,No,
dbo,m_barang,status_pinjam,tinyint,No,
dbo,m_barang,pabrik,tinyint,No,
dbo,m_barang,tanggal_daftar,datetime,Yes,create default [DEF_TANGGAL_SERVER] as GETDATE()
dbo,m_barang_divisi,kd_divisi,char,No,
dbo,m_barang_divisi,kd_barang,varchar,No,
dbo,m_barang_divisi,stok_awal,float,No,
dbo,m_barang_divisi,harga_beli_awal,money,No,
dbo,m_barang_divisi,stok_min,float,No,
dbo,m_barang_divisi,status,tinyint,No,
dbo,m_barang_divisi,point,float,Yes,
dbo,m_barang_divisi_diskon,kd_divisi,char,No,
dbo,m_barang_divisi_diskon,kd_barang,varchar,No,
dbo,m_barang_divisi_diskon,kd_satuan,char,No,
dbo,m_barang_divisi_diskon,qty_minim,float,No,
dbo,m_barang_divisi_diskon,diskon1,float,No,
dbo,m_barang_divisi_diskon,diskon2,float,No,
dbo,m_barang_divisi_diskon,diskon3,float,No,
dbo,m_barang_divisi_diskon,diskon4,float,No,
dbo,m_barang_formula,nomor,varchar,No,
dbo,m_barang_formula,kd_barang,varchar,No,
dbo,m_barang_formula,kd_satuan,char,No,
dbo,m_barang_formula,qty,float,No,
dbo,m_barang_formula,keterangan,varchar,No,
dbo,m_barang_gambar,kd_barang,char,No,
dbo,m_barang_gambar,nomor,int,No,
dbo,m_barang_gambar,keterangan,varchar,No,
dbo,m_barang_gambar,gambar,varchar,No,
dbo,m_barang_gambar,ismain,tinyint,No,
dbo,m_barang_gambar,spesifikasi,varchar,Yes,
dbo,m_barang_gambar,deskripsi,varchar,Yes,
dbo,m_barang_promo,kd_promo,varchar,No,
dbo,m_barang_promo,kd_divisi,char,No,
dbo,m_barang_promo,tanggal_input,datetime,No,
dbo,m_barang_promo,tanggal_awal,datetime,No,
dbo,m_barang_promo,jam_awal,datetime,No,
dbo,m_barang_promo,tanggal_akhir,datetime,No,
dbo,m_barang_promo,jam_akhir,datetime,No,
dbo,m_barang_promo,keterangan,varchar,No,
dbo,m_barang_promo,kd_user,char,No,
dbo,m_barang_promo,tanggal_server,datetime,Yes,
dbo,m_barang_promo_detail,kd_promo,varchar,No,
dbo,m_barang_promo_detail,kd_barang,varchar,No,
dbo,m_barang_promo_detail,kd_satuan,char,No,
dbo,m_barang_promo_detail,qty_minim,float,No,
dbo,m_barang_promo_detail,harga,char,No,
dbo,m_barang_promo_detail,diskon1,float,No,
dbo,m_barang_promo_detail,diskon2,float,No,
dbo,m_barang_promo_detail,diskon3,float,No,
dbo,m_barang_promo_detail,diskon4,float,No,
dbo,m_barang_promo_detail,harga_bersih,float,Yes,
dbo,m_barang_satuan,kd_barang,varchar,No,
dbo,m_barang_satuan,kd_satuan,char,No,
dbo,m_barang_satuan,jumlah,float,No,
dbo,m_barang_satuan,harga_jual,money,No,
dbo,m_barang_satuan,status,tinyint,No,
dbo,m_barang_satuan,margin,float,Yes,
dbo,m_barang_sewa,kd_item,char,No,
dbo,m_barang_sewa,kd_jenis_item,char,Yes,
dbo,m_barang_sewa,nama,varchar,Yes,
dbo,m_barang_sewa,harga,money,Yes,
dbo,m_barang_sewa,diskon,float,Yes,
dbo,m_barang_sewa,keterangan,varchar,Yes,
dbo,m_barang_sewa,status,tinyint,Yes,
dbo,m_barang_sewa_jenis,kd_jenis_item,char,No,
dbo,m_barang_sewa_jenis,nama,varchar,Yes,
dbo,m_barang_sewa_jenis,harga,money,Yes,
dbo,m_barang_sewa_jenis,diskon,float,Yes,
dbo,m_barang_sewa_jenis,keterangan,varchar,Yes,
dbo,m_barang_sewa_jenis,status,tinyint,Yes,
dbo,m_barang_stok_akhir,kd_divisi,char,No,
dbo,m_barang_stok_akhir,kd_barang,varchar,No,
dbo,m_barang_stok_akhir,stok_akhir,float,No,
dbo,m_barang_supplier,kd_supplier,char,No,
dbo,m_barang_supplier,kd_barang,varchar,No,
dbo,m_barang_supplier,status,tinyint,No,
dbo,m_biaya,kd_biaya,char,No,
dbo,m_biaya,kd_index,varchar,Yes,
dbo,m_biaya,nama,varchar,No,
dbo,m_biaya,keterangan,varchar,No,
dbo,m_biaya,status,tinyint,No,
dbo,m_customer,kd_customer,varchar,No,
dbo,m_customer,kd_kota,char,No,
dbo,m_customer,nama,varchar,No,
dbo,m_customer,alamat,varchar,No,
dbo,m_customer,telepon,varchar,No,
dbo,m_customer,fax,varchar,No,
dbo,m_customer,kontak,varchar,No,
dbo,m_customer,hp,varchar,No,
dbo,m_customer,email,varchar,No,
dbo,m_customer,point,money,No,
dbo,m_customer,limit_kredit,money,No,
dbo,m_customer,disc,float,No,
dbo,m_customer,status,tinyint,No,
dbo,m_customer,parent,varchar,No,
dbo,m_customer,keterangan,varchar,No,
dbo,m_customer,npwp_no,varchar,No,
dbo,m_customer,nppkp_no,varchar,No,
dbo,m_customer,npwp_nama,varchar,No,
dbo,m_customer,npwp_alamat,varchar,No,
dbo,m_divisi,kd_divisi,char,No,
dbo,m_divisi,nama,varchar,No,
dbo,m_divisi,kepala_nota,varchar,No,
dbo,m_divisi,keterangan,varchar,No,
dbo,m_divisi,status,tinyint,No,
dbo,m_ekspedisi,kd_ekspedisi,char,No,
dbo,m_ekspedisi,kd_kota,char,No,
dbo,m_ekspedisi,nama,varchar,No,
dbo,m_ekspedisi,alamat,varchar,No,
dbo,m_ekspedisi,telepon,varchar,No,
dbo,m_ekspedisi,fax,varchar,No,
dbo,m_ekspedisi,kontak,varchar,No,
dbo,m_ekspedisi,hp,varchar,No,
dbo,m_ekspedisi,email,varchar,No,
dbo,m_ekspedisi,kd_bank,char,No,
dbo,m_ekspedisi,rekening,varchar,No,
dbo,m_ekspedisi,status,tinyint,No,
dbo,m_hari_libur,kd_hari_libur,char,No,
dbo,m_hari_libur,tanggal,datetime,No,
dbo,m_hari_libur,keterangan,varchar,No,
dbo,m_hari_libur,status,tinyint,No,
dbo,m_hari_libur_agama,kd_agama,char,No,
dbo,m_hari_libur_agama,kd_hari_libur,char,No,
dbo,m_hari_libur_agama,status,tinyint,No,
dbo,m_jabatan,kd_jabatan,char,No,
dbo,m_jabatan,nama,varchar,No,
dbo,m_jabatan,keterangan,varchar,No,
dbo,m_jabatan,status,tinyint,No,
dbo,m_jabatan,uang_makan,money,No,
dbo,m_jabatan_detail,kd_jabatan,char,No,
dbo,m_jabatan_detail,kd_gaji,char,No,
dbo,m_jabatan_detail,status,tinyint,No,
dbo,m_jabatan_gaji,kd_gaji,char,No,
dbo,m_jabatan_gaji,nama,varchar,No,
dbo,m_jabatan_gaji,gaji_pokok,money,No,
dbo,m_jabatan_gaji,tunjangan,money,No,
dbo,m_jabatan_gaji,lain_lain,money,No,
dbo,m_jabatan_gaji,status,tinyint,No,
dbo,m_jam_kerja,kd_shift,char,No,
dbo,m_jam_kerja,nama,varchar,No,
dbo,m_jam_kerja,masuk_senin,datetime,No,
dbo,m_jam_kerja,masuk_selasa,datetime,No,
dbo,m_jam_kerja,masuk_rabu,datetime,No,
dbo,m_jam_kerja,masuk_kamis,datetime,No,
dbo,m_jam_kerja,masuk_jumat,datetime,No,
dbo,m_jam_kerja,masuk_sabtu,datetime,No,
dbo,m_jam_kerja,masuk_minggu,datetime,No,
dbo,m_jam_kerja,mulai_istirahat_senin,datetime,No,
dbo,m_jam_kerja,selesai_istirahat_senin,datetime,No,
dbo,m_jam_kerja,mulai_istirahat_selasa,datetime,No,
dbo,m_jam_kerja,selesai_istirahat_selasa,datetime,No,
dbo,m_jam_kerja,mulai_istirahat_rabu,datetime,No,
dbo,m_jam_kerja,selesai_istirahat_rabu,datetime,No,
dbo,m_jam_kerja,mulai_istirahat_kamis,datetime,No,
dbo,m_jam_kerja,selesai_istirahat_kamis,datetime,No,
dbo,m_jam_kerja,mulai_istirahat_jumat,datetime,No,
dbo,m_jam_kerja,selesai_istirahat_jumat,datetime,No,
dbo,m_jam_kerja,mulai_istirahat_sabtu,datetime,No,
dbo,m_jam_kerja,selesai_istirahat_sabtu,datetime,No,
dbo,m_jam_kerja,mulai_istirahat_minggu,datetime,No,
dbo,m_jam_kerja,selesai_istirahat_minggu,datetime,No,
dbo,m_jam_kerja,pulang_senin,datetime,No,
dbo,m_jam_kerja,pulang_selasa,datetime,No,
dbo,m_jam_kerja,pulang_rabu,datetime,No,
dbo,m_jam_kerja,pulang_kamis,datetime,No,
dbo,m_jam_kerja,pulang_jumat,datetime,No,
dbo,m_jam_kerja,pulang_sabtu,datetime,No,
dbo,m_jam_kerja,pulang_minggu,datetime,No,
dbo,m_jam_kerja,status,tinyint,No,
dbo,m_jam_kerja,keterangan,varchar,No,
dbo,m_jasa,kd_jasa,char,No,
dbo,m_jasa,kd_jasa_kategori,char,No,
dbo,m_jasa,nama,varchar,No,
dbo,m_jasa,harga,money,No,
dbo,m_jasa,diskon,float,No,
dbo,m_jasa,keterangan,varchar,No,
dbo,m_jasa,status,tinyint,No,
dbo,m_jasa,tanggal_daftar,datetime,No,
dbo,m_jasa_detail,kd_jasa,char,No,
dbo,m_jasa_detail,kd_barang,varchar,No,
dbo,m_jasa_detail,kd_satuan,char,No,
dbo,m_jasa_detail,qty,float,No,
dbo,m_jasa_detail,status,tinyint,No,
dbo,m_jasa_kategori,kd_jasa_kategori,char,No,
dbo,m_jasa_kategori,nama,varchar,No,
dbo,m_jasa_kategori,diskon,float,No,
dbo,m_jasa_kategori,keterangan,varchar,No,
dbo,m_jasa_kategori,status,tinyint,No,
dbo,m_jenis_bahan,kd_jenis_bahan,char,No,
dbo,m_jenis_bahan,nama,varchar,No,
dbo,m_jenis_bahan,keterangan,varchar,No,
dbo,m_jenis_bahan,status,tinyint,No,
dbo,m_jenis_bayar,kd_jenis,char,No,
dbo,m_jenis_bayar,nama,varchar,No,
dbo,m_jenis_bayar,setting,char,No,
dbo,m_jenis_bayar,other,float,No,
dbo,m_jenis_bayar,keterangan,varchar,No,
dbo,m_jenis_bayar,status,tinyint,No,
dbo,m_jenis_izin,kd_izin,char,No,
dbo,m_jenis_izin,nama,varchar,No,
dbo,m_jenis_izin,keterangan,varchar,No,
dbo,m_jenis_izin,status,tinyint,No,
dbo,m_jenis_perawatan,kd_jenis_perawatan,bigint,No,
dbo,m_jenis_perawatan,jenis_perawatan,varchar,No,
dbo,m_jenis_perawatan,keterangan,varchar,No,
dbo,m_jenis_perawatan,status,tinyint,No,
dbo,m_jenis_surat,kd_jenis_surat,char,No,
dbo,m_jenis_surat,nama,varchar,No,
dbo,m_jenis_surat,keterangan,varchar,No,
dbo,m_jenis_surat,status,tinyint,No,
dbo,m_jurnal,kd_index,varchar,No,
dbo,m_jurnal,kd_akun,varchar,No,
dbo,m_jurnal,nama,varchar,No,
dbo,m_jurnal,keterangan,varchar,Yes,
dbo,m_jurnal,status_neraca,tinyint,Yes,
dbo,m_jurnal,status,tinyint,No,
dbo,m_kas,kd_kas,char,No,
dbo,m_kas,kd_index,varchar,No,
dbo,m_kas,no_rekening,varchar,No,
dbo,m_kas,kd_bank,char,No,
dbo,m_kas,kd_kota,char,No,
dbo,m_kas,telepon,varchar,No,
dbo,m_kas,kontak,varchar,No,
dbo,m_kas,cabang,varchar,No,
dbo,m_kas,saldo_awal,money,No,
dbo,m_kas,keterangan,varchar,No,
dbo,m_kas,status,tinyint,No,
dbo,m_kategori,kd_kategori,char,No,
dbo,m_kategori,nama,varchar,No,
dbo,m_kategori,keterangan,varchar,No,
dbo,m_kategori,status,tinyint,No,
dbo,m_kendaraan,no_STNK,varchar,No,
dbo,m_kendaraan,jenis,varchar,No,
dbo,m_kendaraan,nomor_KIR,varchar,No,
dbo,m_kendaraan,tahun,varchar,No,
dbo,m_kendaraan,oli_mesin,float,No,
dbo,m_kendaraan,keterangan,varchar,No,
dbo,m_kendaraan,status,tinyint,No,
dbo,m_kota,kd_kota,char,No,
dbo,m_kota,kd_telp,varchar,Yes,
dbo,m_kota,kd_negara,char,No,
dbo,m_kota,nama,varchar,No,
dbo,m_kota,status,tinyint,No,
dbo,m_merk,kd_merk,char,No,
dbo,m_merk,nama,varchar,No,
dbo,m_merk,status,tinyint,No,
dbo,m_merk,keterangan,varchar,No,
dbo,m_model,kd_model,char,No,
dbo,m_model,nama,varchar,No,
dbo,m_model,status,tinyint,No,
dbo,m_model,keterangan,varchar,No,
dbo,m_negara,kd_negara,char,No,
dbo,m_negara,nama,varchar,No,
dbo,m_negara,status,tinyint,No,
dbo,m_pegawai,kd_pegawai,char,No,
dbo,m_pegawai,kd_jabatan,char,No,
dbo,m_pegawai,kd_jenis,char,No,
dbo,m_pegawai,kd_kota,char,No,
dbo,m_pegawai,kd_agama,char,No,
dbo,m_pegawai,kd_shift,char,No,
dbo,m_pegawai,kd_divisi,char,No,
dbo,m_pegawai,nama,varchar,No,
dbo,m_pegawai,tempat_lahir,varchar,No,
dbo,m_pegawai,tanggal_lahir,datetime,No,
dbo,m_pegawai,alamat,varchar,No,
dbo,m_pegawai,telepon,varchar,No,
dbo,m_pegawai,hp,varchar,No,
dbo,m_pegawai,ktp,varchar,No,
dbo,m_pegawai,tgl_masuk,datetime,No,
dbo,m_pegawai,kelamin,tinyint,No,
dbo,m_pegawai,foto,image,Yes,
dbo,m_pegawai,kelompok,int,No,
dbo,m_pegawai,point,int,No,
dbo,m_pegawai,keterangan,varchar,No,
dbo,m_pegawai,status_kawin,tinyint,No,
dbo,m_pegawai,status,tinyint,No,
dbo,m_pegawai,status_lembur,tinyint,No,
dbo,m_pegawai_finger_print,kd_pegawai,char,No,
dbo,m_pegawai_finger_print,kd_finger,int,No,
dbo,m_pegawai_finger_print,keterangan,varchar,No,
dbo,m_pegawai_finger_print,status,tinyint,No,
dbo,m_pegawai_jenis,kd_jenis,char,No,
dbo,m_pegawai_jenis,nama,varchar,No,
dbo,m_pegawai_jenis,keterangan,varchar,No,
dbo,m_pegawai_jenis,status,tinyint,No,
dbo,m_pegawai_komisi,kd_pegawai,char,No,
dbo,m_pegawai_komisi,kd_barang,varchar,No,
dbo,m_pegawai_komisi,kd_satuan,char,No,
dbo,m_pegawai_komisi,komisi,money,No,
dbo,m_pegawai_komisi,status,tinyint,No,
dbo,m_pendapatan,kd_pendapatan,char,No,
dbo,m_pendapatan,kd_index,varchar,No,
dbo,m_pendapatan,nama,varchar,No,
dbo,m_pendapatan,keterangan,varchar,No,
dbo,m_pendapatan,status,tinyint,No,
dbo,m_satuan,kd_satuan,char,No,
dbo,m_satuan,nama,varchar,No,
dbo,m_satuan,keterangan,varchar,No,
dbo,m_satuan,status,tinyint,No,
dbo,m_supplier,kd_supplier,char,No,
dbo,m_supplier,kd_kota,char,No,
dbo,m_supplier,nama,varchar,No,
dbo,m_supplier,alamat,varchar,No,
dbo,m_supplier,telepon,varchar,No,
dbo,m_supplier,fax,varchar,No,
dbo,m_supplier,kontak,varchar,No,
dbo,m_supplier,hp,varchar,No,
dbo,m_supplier,email,varchar,No,
dbo,m_supplier,kd_bank,char,No,
dbo,m_supplier,rekening,varchar,No,
dbo,m_supplier,jenis,tinyint,No,
dbo,m_supplier,keterangan,varchar,No,
dbo,m_surat,kd_surat,varchar,No,
dbo,m_surat,kd_jenis_surat,char,No,
dbo,m_surat,prihal,varchar,No,
dbo,m_surat,lampiran,varchar,No,
dbo,m_surat,tanggal_buat,datetime,No,
dbo,m_surat,tanggal_perpanjangan,datetime,No,
dbo,m_surat,instansi,varchar,No,
dbo,m_surat,biaya,money,No,
dbo,m_surat,keterangan,varchar,No,
dbo,m_surat,status,tinyint,No,
dbo,m_surat,kd_user,char,No,
dbo,m_surat,tanggal_server,datetime,No,
dbo,m_user_all_menu,parent,varchar,No,
dbo,m_user_all_menu,keymenu,varchar,No,
dbo,m_user_all_menu,mapid,int,Yes,(0)
dbo,m_user_all_menu,nama,varchar,Yes,
dbo,m_user_all_menu,picture,image,Yes,
dbo,m_user_all_menu,keymask,tinyint,Yes,
dbo,m_user_all_menu,keycode,varchar,Yes,
dbo,m_user_all_menu,checked,tinyint,No,(0)
dbo,m_user_all_menu,enable,tinyint,No,(1)
dbo,m_user_all_menu,visible,tinyint,No,(1)
dbo,m_user_all_menu,no_parent,tinyint,No,
dbo,m_user_all_menu,no_menu,tinyint,No,(0)
dbo,m_user_all_menu,released,bit,Yes,
dbo,m_user_all_menu,tab_info,varchar,Yes,
dbo,m_user_all_menu,group_line,bit,No,(0)
dbo,m_user_group,kd_group,char,No,
dbo,m_user_group,nama,varchar,No,
dbo,m_user_group,status,tinyint,No,
dbo,m_user_group_menu,kd_group,char,No,
dbo,m_user_group_menu,keymenu,varchar,No,
dbo,m_user_menu,kd_user,char,No,
dbo,m_user_menu,keymenu,varchar,No,
dbo,m_userx,kd_user,char,No,
dbo,m_userx,kd_group,char,No,
dbo,m_userx,nama,varchar,No,
dbo,m_userx,passwd,varchar,No,
dbo,m_userx,keterangan,varchar,No,
dbo,m_userx,status,tinyint,No,
dbo,m_userx,m_UserLevels,int,Yes,
dbo,m_userx,passweb,char,Yes,
dbo,m_voucher,kd_voucher,char,No,
dbo,m_voucher,nama,varchar,No,
dbo,m_voucher,nominal,float,No,
dbo,m_voucher,keterangan,varchar,No,
dbo,m_voucher,status,tinyint,No,
dbo,m_warna,kd_warna,char,No,
dbo,m_warna,nama,varchar,No,
dbo,m_warna,status,tinyint,No,
dbo,m_warna,keterangan,varchar,No,
dbo,mbd_stok_awal,kd_divisi,nvarchar,Yes,
dbo,mbd_stok_awal,kd_barang,nvarchar,Yes,
dbo,mbd_stok_awal,stok_awal,float,Yes,
dbo,mbd_stok_awal,harga_beli_awal,float,Yes,
dbo,mbd_stok_awal,stok_min,float,Yes,
dbo,mbd_stok_awal,status,float,Yes,
dbo,mbd_stok_awal,point,float,Yes,
dbo,sysdiagrams,name,nvarchar,No,
dbo,sysdiagrams,principal_id,int,No,
dbo,sysdiagrams,diagram_id,int,No,
dbo,sysdiagrams,version,int,Yes,
dbo,sysdiagrams,definition,varbinary,Yes,
dbo,sysreq,key1,int,No,
dbo,sysreq,start,datetime,No,
dbo,sysreq,finish,datetime,No,
dbo,sysreq,request,datetime,No,
dbo,sysreq,note,varchar,No,
dbo,sysreq,type,tinyint,No,
dbo,sysreqd,key1,int,No,
dbo,sysreqd,key2,int,No,
dbo,sysreqd,key3,int,No,
dbo,sysreqd,nominal,money,No,
dbo,sysreql,key1,int,No,
dbo,sysreql,key2,int,No,
dbo,sysreql,nom1,varchar,Yes,
dbo,sysreql,nom2,varchar,Yes,
dbo,sysreql,nom3,varchar,Yes,
dbo,sysreql,nom4,varchar,Yes,
dbo,sysreql,nom5,varchar,Yes,
dbo,sysreql,nom6,varchar,Yes,
dbo,sysreql,nom7,varchar,Yes,
dbo,sysreql,nom8,varchar,Yes,
dbo,sysreql,nom9,varchar,Yes,
dbo,sysreql,nom10,varchar,Yes,
dbo,sysreql,nom11,varchar,Yes,
dbo,sysreql,nom12,varchar,Yes,
dbo,sysupdate,no_update,char,No,
dbo,sysupdate,kd_jenis,smallint,No,
dbo,sysupdate,tanggal_order,datetime,No,create default [DEF_TANGGAL_SERVER] as GETDATE()
dbo,sysupdate,tanggal_release,datetime,Yes,
dbo,sysupdate,petugas,varchar,No,
dbo,sysupdate,object,varchar,No,
dbo,sysupdate,keterangan1,varchar,No,
dbo,sysupdate,keterangan2,varchar,Yes,
dbo,sysupdatejenis,kd_jenis,smallint,No,
dbo,sysupdatejenis,keterangan,varchar,Yes,
dbo,t_absensi,id,bigint,No,
dbo,t_absensi,kd_pegawai,char,No,
dbo,t_absensi,masuk,datetime,Yes,create default [DEF_TANGGAL_SERVER] as GETDATE()
dbo,t_absensi,keluar,datetime,Yes,
dbo,t_absensi,tanggal_server,datetime,Yes,create default [DEF_TANGGAL_SERVER] as GETDATE()
dbo,t_absensi_pegawai_lain,no_transaksi,varchar,No,
dbo,t_absensi_pegawai_lain,kd_pegawai,char,No,
dbo,t_absensi_pegawai_lain,tanggal,datetime,No,
dbo,t_absensi_pegawai_lain,jenis,tinyint,No,
dbo,t_absensi_pegawai_lain,keterangan,varchar,No,
dbo,t_absensi_pegawai_lain,kd_user,char,No,
dbo,t_absensi_pegawai_lain,tanggal_server,datetime,No,create default [DEF_TANGGAL_SERVER] as GETDATE()
dbo,t_biaya_operasional,no_transaksi,varchar,No,create default [DEF_TANGGAL_SERVER] as GETDATE()
dbo,t_biaya_operasional,kd_divisi,char,No,
dbo,t_biaya_operasional,kd_biaya,char,No,
dbo,t_biaya_operasional,kd_jenis,char,No,
dbo,t_biaya_operasional,kd_kas,char,No,
dbo,t_biaya_operasional,tanggal,datetime,No,
dbo,t_biaya_operasional,nominal,money,No,
dbo,t_biaya_operasional,no_bukti,varchar,No,
dbo,t_biaya_operasional,keterangan,varchar,No,
dbo,t_biaya_operasional,kd_user,char,No,
dbo,t_biaya_operasional,tanggal_server,datetime,Yes,create default [DEF_TANGGAL_SERVER] as GETDATE()
dbo,t_gaji,no_bayar,nvarchar,No,
dbo,t_gaji,tanggal,smalldatetime,Yes,
dbo,t_gaji,periode,smalldatetime,Yes,
dbo,t_gaji,kd_pegawai,nvarchar,Yes,
dbo,t_gaji,gaji_pokok,money,Yes,
dbo,t_gaji,libur_off_jam,float,Yes,
dbo,t_gaji,libur_off_rp,money,Yes,
dbo,t_gaji,lembur_jam,float,Yes,
dbo,t_gaji,lembur_rp,money,Yes,
dbo,t_gaji,kerajinan,money,Yes,
dbo,t_gaji,lain_lain_plus,money,Yes,
dbo,t_gaji,pinjaman_lalu,money,Yes,
dbo,t_gaji,pinjaman_sekarang,money,Yes,
dbo,t_gaji,absen_jam,float,Yes,
dbo,t_gaji,absen_rp,money,Yes,
dbo,t_gaji,jamsostek,money,Yes,
dbo,t_gaji,lain_lain_min,money,Yes,
dbo,t_gaji,keterangan,nvarchar,Yes,
dbo,t_hutang_aset_cicilan,no_cicilan,varchar,No,
dbo,t_hutang_aset_cicilan,kd_aset,char,No,
dbo,t_hutang_aset_cicilan,kd_jenis,char,No,
dbo,t_hutang_aset_cicilan,kd_kas,char,No,
dbo,t_hutang_aset_cicilan,nominal,money,No,
dbo,t_hutang_aset_cicilan,tanggal,datetime,No,
dbo,t_hutang_aset_cicilan,no_bukti,varchar,No,
dbo,t_hutang_aset_cicilan,keterangan,varchar,No,
dbo,t_hutang_aset_cicilan,kd_user,char,No,
dbo,t_hutang_aset_cicilan,tanggal_server,datetime,Yes,create default [DEF_TANGGAL_SERVER] as GETDATE()
dbo,t_hutang_biaya_angkut_cicilan,no_cicilan,varchar,No,
dbo,t_hutang_biaya_angkut_cicilan,no_nota,varchar,No,
dbo,t_hutang_biaya_angkut_cicilan,tanggal,datetime,No,
dbo,t_hutang_biaya_angkut_cicilan,nominal,money,No,
dbo,t_hutang_biaya_angkut_cicilan,kd_jenis,char,No,
dbo,t_hutang_biaya_angkut_cicilan,kd_kas,char,No,
dbo,t_hutang_biaya_angkut_cicilan,no_bukti,varchar,No,
dbo,t_hutang_biaya_angkut_cicilan,keterangan,varchar,No,
dbo,t_hutang_biaya_angkut_cicilan,kd_user,char,No,
dbo,t_hutang_biaya_angkut_cicilan,tanggal_server,datetime,Yes,create default [DEF_TANGGAL_SERVER] as GETDATE()
dbo,t_hutang_cicilan,no_cicilan,varchar,No,
dbo,t_hutang_cicilan,no_transaksi,varchar,No,
dbo,t_hutang_cicilan,kd_jenis,char,No,
dbo,t_hutang_cicilan,kd_kas,char,No,
dbo,t_hutang_cicilan,nominal,money,No,
dbo,t_hutang_cicilan,tanggal,datetime,No,
dbo,t_hutang_cicilan,no_bukti,varchar,No,
dbo,t_hutang_cicilan,keterangan,varchar,No,
dbo,t_hutang_cicilan,kd_user,char,No,
dbo,t_hutang_cicilan,tanggal_server,datetime,Yes,create default [DEF_TANGGAL_SERVER] as GETDATE()
dbo,t_hutang_pegawai,no_transaksi,varchar,No,
dbo,t_hutang_pegawai,kd_pegawai,char,No,
dbo,t_hutang_pegawai,tanggal,smalldatetime,No,
dbo,t_hutang_pegawai,kd_jenis,char,No,
dbo,t_hutang_pegawai,kd_kas,char,No,
dbo,t_hutang_pegawai,no_bukti,varchar,No,
dbo,t_hutang_pegawai,nominal,money,No,
dbo,t_hutang_pegawai,keterangan,varchar,No,
dbo,t_hutang_pegawai,kd_user,char,No,
dbo,t_hutang_pegawai,tanggal_server,datetime,Yes,create default [DEF_TANGGAL_SERVER] as GETDATE()
dbo,t_hutang_pegawai_cicilan,no_cicilan,varchar,No,
dbo,t_hutang_pegawai_cicilan,no_transaksi,varchar,No,
dbo,t_hutang_pegawai_cicilan,kd_jenis,char,No,
dbo,t_hutang_pegawai_cicilan,kd_kas,char,No,
dbo,t_hutang_pegawai_cicilan,no_bukti,varchar,No,
dbo,t_hutang_pegawai_cicilan,tanggal,datetime,No,
dbo,t_hutang_pegawai_cicilan,nominal,money,No,
dbo,t_hutang_pegawai_cicilan,keterangan,varchar,No,
dbo,t_hutang_pegawai_cicilan,kd_user,char,No,
dbo,t_hutang_pegawai_cicilan,tanggal_server,datetime,Yes,create default [DEF_TANGGAL_SERVER] as GETDATE()
dbo,t_kendaraan_jarak_tempuh,kd_jarak_tempuh,bigint,No,
dbo,t_kendaraan_jarak_tempuh,kd_pengisian_bbm,varchar,No,
dbo,t_kendaraan_jarak_tempuh,tanggal,datetime,No,
dbo,t_kendaraan_jarak_tempuh,KM,bigint,No,
dbo,t_kendaraan_jarak_tempuh,keterangan,varchar,No,
dbo,t_kendaraan_jarak_tempuh,kd_user,char,No,
dbo,t_kendaraan_jarak_tempuh,tanggal_server,datetime,No,create default [DEF_TANGGAL_SERVER] as GETDATE()
dbo,t_kendaraan_pengisian_bbm,kd_pengisian_bbm,varchar,No,
dbo,t_kendaraan_pengisian_bbm,no_STNK,varchar,No,
dbo,t_kendaraan_pengisian_bbm,tanggal,datetime,No,
dbo,t_kendaraan_pengisian_bbm,BBM,float,No,
dbo,t_kendaraan_pengisian_bbm,keterangan,varchar,No,
dbo,t_kendaraan_pengisian_bbm,kd_user,char,No,
dbo,t_kendaraan_pengisian_bbm,tanggal_server,datetime,No,create default [DEF_TANGGAL_SERVER] as GETDATE()
dbo,t_kendaraan_perawatan,no_STNK,varchar,No,
dbo,t_kendaraan_perawatan,kd_jenis_perawatan,bigint,No,
dbo,t_kendaraan_perawatan,tanggal,datetime,No,
dbo,t_kendaraan_perawatan,KM,bigint,No,
dbo,t_kendaraan_perawatan,keterangan,varchar,No,
dbo,t_kendaraan_perawatan,kd_user,char,No,
dbo,t_kendaraan_perawatan,tanggal_server,datetime,No,create default [DEF_TANGGAL_SERVER] as GETDATE()
dbo,t_kendaraan_tanggung_jawab,no_STNK,varchar,No,
dbo,t_kendaraan_tanggung_jawab,kd_pegawai,char,No,
dbo,t_kendaraan_tanggung_jawab,tanggal,datetime,No,
dbo,t_kendaraan_tanggung_jawab,keterangan,varchar,No,
dbo,t_kendaraan_tanggung_jawab,kd_user,char,No,
dbo,t_kendaraan_tanggung_jawab,Tanggal_server,datetime,No,create default [DEF_TANGGAL_SERVER] as GETDATE()
dbo,t_mutasi_kas,no_transaksi,varchar,No,
dbo,t_mutasi_kas,tanggal,datetime,No,
dbo,t_mutasi_kas,kd_kas_sumber,char,No,
dbo,t_mutasi_kas,kd_kas_tujuan,varchar,No,
dbo,t_mutasi_kas,nominal,money,No,
dbo,t_mutasi_kas,no_bukti_sumber,varchar,No,
dbo,t_mutasi_kas,no_bukti_tujuan,varchar,No,
dbo,t_mutasi_kas,keterangan,varchar,No,
dbo,t_mutasi_kas,kd_user,char,No,
dbo,t_mutasi_kas,tanggal_server,datetime,Yes,create default [DEF_TANGGAL_SERVER] as GETDATE()
dbo,t_mutasi_stok,no_transaksi,varchar,No,
dbo,t_mutasi_stok,kd_divisi_asal,char,No,
dbo,t_mutasi_stok,kd_divisi_tujuan,char,No,
dbo,t_mutasi_stok,tanggal,datetime,No,
dbo,t_mutasi_stok,keterangan,varchar,No,
dbo,t_mutasi_stok,kd_user,char,No,
dbo,t_mutasi_stok,tanggal_server,datetime,Yes,create default [DEF_TANGGAL_SERVER] as GETDATE()
dbo,t_mutasi_stok_detail,no_transaksi,varchar,No,
dbo,t_mutasi_stok_detail,kd_barang,varchar,No,
dbo,t_mutasi_stok_detail,kd_satuan,char,No,
dbo,t_mutasi_stok_detail,qty,float,No,
dbo,t_opname_proses,no_transaksi,bigint,No,
dbo,t_opname_proses,kd_divisi,varchar,No,
dbo,t_opname_proses,kd_barang,varchar,No,
dbo,t_opname_proses,kd_satuan,char,No,
dbo,t_opname_proses,tanggal,datetime,No,
dbo,t_opname_proses,qty,float,No,
dbo,t_opname_proses,status,tinyint,No,
dbo,t_opname_proses,kd_user,char,No,
dbo,t_opname_proses,tanggal_server,datetime,Yes,
dbo,t_opname_stok,no_transaksi,varchar,No,
dbo,t_opname_stok,kd_divisi,char,No,
dbo,t_opname_stok,kd_barang,varchar,No,
dbo,t_opname_stok,kd_satuan,char,No,
dbo,t_opname_stok,tanggal,datetime,No,
dbo,t_opname_stok,qty,float,No,
dbo,t_opname_stok,keterangan,varchar,No,
dbo,t_opname_stok,kd_user,char,No,
dbo,t_opname_stok,status,tinyint,No,
dbo,t_opname_stok,tanggal_server,datetime,Yes,create default [DEF_TANGGAL_SERVER] as GETDATE()
dbo,t_pegawai_ganti_shift,no_transaksi,bigint,No,
dbo,t_pegawai_ganti_shift,tanggal,datetime,Yes,
dbo,t_pegawai_ganti_shift,keterangan,varchar,Yes,
dbo,t_pegawai_ganti_shift,kd_user,char,Yes,
dbo,t_pegawai_ganti_shift,tanggal_server,datetime,Yes,
dbo,t_pegawai_ganti_shift_detail,no_transaksi,bigint,No,
dbo,t_pegawai_ganti_shift_detail,kd_pegawai,char,No,
dbo,t_pegawai_ganti_shift_detail,kd_shift,char,No,
dbo,t_pegawai_izin,no_transaksi,varchar,No,
dbo,t_pegawai_izin,kd_pegawai,char,No,
dbo,t_pegawai_izin,kd_izin,char,No,
dbo,t_pegawai_izin,tanggal,datetime,No,
dbo,t_pegawai_izin,awal,datetime,No,
dbo,t_pegawai_izin,akhir,datetime,No,
dbo,t_pegawai_izin,status,tinyint,No,
dbo,t_pegawai_izin,keterangan,varchar,No,
dbo,t_pegawai_izin,kd_user,char,No,
dbo,t_pegawai_izin,tanggal_server,datetime,Yes,create default [DEF_TANGGAL_SERVER] as GETDATE()
dbo,t_pegawai_lembur,no_transaksi,varchar,No,
dbo,t_pegawai_lembur,kd_divisi,char,No,
dbo,t_pegawai_lembur,awal,datetime,No,
dbo,t_pegawai_lembur,akhir,datetime,No,
dbo,t_pegawai_lembur,keterangan,varchar,No,
dbo,t_pegawai_lembur,kd_user,char,No,
dbo,t_pegawai_lembur,tanggal_server,datetime,No,
dbo,t_pegawai_lembur_detail,no_transaksi,varchar,No,
dbo,t_pegawai_lembur_detail,kd_pegawai,char,No,
dbo,t_pegawai_surat_peringatan,no_sp,varchar,No,
dbo,t_pegawai_surat_peringatan,kd_pegawai,char,No,
dbo,t_pegawai_surat_peringatan,tanggal,datetime,No,
dbo,t_pegawai_surat_peringatan,keterangan,varchar,No,
dbo,t_pegawai_surat_peringatan,status,tinyint,No,
dbo,t_pegawai_surat_peringatan,kd_user,char,No,
dbo,t_pegawai_surat_peringatan,tanggal_server,datetime,Yes,create default [DEF_TANGGAL_SERVER] as GETDATE()
dbo,t_pemakaian_barang,no_transaksi,varchar,No,
dbo,t_pemakaian_barang,tanggal,datetime,No,
dbo,t_pemakaian_barang,keterangan,varchar,No,
dbo,t_pemakaian_barang,kd_user,char,No,
dbo,t_pemakaian_barang,tanggal_server,datetime,Yes,
dbo,t_pemakaian_barang_detail,no_transaksi,varchar,No,
dbo,t_pemakaian_barang_detail,kd_barang,varchar,No,
dbo,t_pemakaian_barang_detail,kd_satuan,char,No,
dbo,t_pemakaian_barang_detail,qty,float,Yes,
dbo,t_pembelian,no_transaksi,varchar,No,
dbo,t_pembelian,kd_supplier,char,No,
dbo,t_pembelian,kd_divisi,char,No,
dbo,t_pembelian,kd_jenis,char,No,
dbo,t_pembelian,kd_kas,char,No,
dbo,t_pembelian,no_order,varchar,No,
dbo,t_pembelian,tanggal,datetime,No,
dbo,t_pembelian,tanggal_jatuh_tempo,datetime,No,
dbo,t_pembelian,status,tinyint,No,
dbo,t_pembelian,diskon1,float,No,
dbo,t_pembelian,diskon2,float,No,
dbo,t_pembelian,diskon3,float,No,
dbo,t_pembelian,diskon4,float,No,
dbo,t_pembelian,pajak,float,No,
dbo,t_pembelian,ppnbm,float,No,
dbo,t_pembelian,keterangan,varchar,No,
dbo,t_pembelian,kd_user,char,No,
dbo,t_pembelian,tanggal_server,datetime,Yes,create default [DEF_TANGGAL_SERVER] as GETDATE()
dbo,t_pembelian_biaya_angkut,no_nota,varchar,No,
dbo,t_pembelian_biaya_angkut,no_transaksi,varchar,No,
dbo,t_pembelian_biaya_angkut,kd_ekspedisi,char,No,
dbo,t_pembelian_biaya_angkut,kd_jenis,char,No,
dbo,t_pembelian_biaya_angkut,kd_kas,char,No,
dbo,t_pembelian_biaya_angkut,nominal,money,No,
dbo,t_pembelian_biaya_angkut,status,tinyint,No,
dbo,t_pembelian_biaya_angkut,tanggal_jatuh_tempo,datetime,No,
dbo,t_pembelian_detail,no_transaksi,varchar,No,
dbo,t_pembelian_detail,kd_barang,varchar,No,
dbo,t_pembelian_detail,kd_satuan,char,No,
dbo,t_pembelian_detail,jenis,tinyint,No,
dbo,t_pembelian_detail,qty,float,No,
dbo,t_pembelian_detail,harga_beli,money,No,
dbo,t_pembelian_detail,diskon1,float,No,
dbo,t_pembelian_detail,diskon2,float,No,
dbo,t_pembelian_detail,diskon3,float,No,
dbo,t_pembelian_detail,diskon4,float,No,
dbo,t_pembelian_detail,point1,float,No,
dbo,t_pembelian_detail,total,float,Yes,
dbo,t_pembelian_order,no_order,varchar,No,
dbo,t_pembelian_order,no_pp_order,varchar,No,
dbo,t_pembelian_order,kd_divisi,char,No,
dbo,t_pembelian_order,kd_supplier,char,No,
dbo,t_pembelian_order,kd_kas,char,No,
dbo,t_pembelian_order,kd_jenis_bayar,char,No,
dbo,t_pembelian_order,tanggal,datetime,No,
dbo,t_pembelian_order,tanggal_terima,datetime,No,
dbo,t_pembelian_order,status,tinyint,No,
dbo,t_pembelian_order,diskon1,float,No,
dbo,t_pembelian_order,diskon2,float,No,
dbo,t_pembelian_order,diskon3,float,No,
dbo,t_pembelian_order,diskon4,float,No,
dbo,t_pembelian_order,pajak,float,No,
dbo,t_pembelian_order,ppnbm,float,No,
dbo,t_pembelian_order,no_bukti,varchar,No,
dbo,t_pembelian_order,keterangan,varchar,No,
dbo,t_pembelian_order,jaminan,money,No,
dbo,t_pembelian_order,kd_user,char,No,
dbo,t_pembelian_order,tanggal_server,datetime,No,create default [DEF_TANGGAL_SERVER] as GETDATE()
dbo,t_pembelian_order,no_transaksi,varchar,No,
dbo,t_pembelian_order_detail,no_order,varchar,No,
dbo,t_pembelian_order_detail,kd_barang,varchar,No,
dbo,t_pembelian_order_detail,kd_satuan,char,No,
dbo,t_pembelian_order_detail,jenis,tinyint,No,
dbo,t_pembelian_order_detail,qty,float,No,
dbo,t_pembelian_order_detail,harga_beli,money,No,
dbo,t_pembelian_order_detail,diskon1,float,No,
dbo,t_pembelian_order_detail,diskon2,float,No,
dbo,t_pembelian_order_detail,diskon3,float,No,
dbo,t_pembelian_order_detail,diskon4,float,No,
dbo,t_pembelian_order_spare_part,no_order,varchar,No,
dbo,t_pembelian_order_spare_part,kd_divisi,char,No,
dbo,t_pembelian_order_spare_part,no_pp_order,varchar,No,
dbo,t_pembelian_order_spare_part,kd_supplier,char,No,
dbo,t_pembelian_order_spare_part,tanggal,datetime,No,
dbo,t_pembelian_order_spare_part,tanggal_terima,datetime,No,
dbo,t_pembelian_order_spare_part,status,tinyint,No,
dbo,t_pembelian_order_spare_part,keterangan,varchar,No,
dbo,t_pembelian_order_spare_part,diskon,float,No,
dbo,t_pembelian_order_spare_part,pajak,float,No,
dbo,t_pembelian_order_spare_part,ppnbm,float,No,
dbo,t_pembelian_order_spare_part,kd_user,char,No,
dbo,t_pembelian_order_spare_part,tanggal_server,datetime,Yes,create default [DEF_TANGGAL_SERVER] as GETDATE()
dbo,t_pembelian_order_spare_part_detail,no_order,varchar,No,
dbo,t_pembelian_order_spare_part_detail,barang,varchar,No,
dbo,t_pembelian_order_spare_part_detail,qty,float,No,
dbo,t_pembelian_order_spare_part_detail,satuan,varchar,Yes,
dbo,t_pembelian_order_spare_part_detail,harga_beli,money,No,
dbo,t_pembelian_order_spare_part_detail,diskon,float,No,
dbo,t_pembelian_retur,no_retur,varchar,No,
dbo,t_pembelian_retur,kd_divisi,char,No,
dbo,t_pembelian_retur,kd_supplier,char,No,
dbo,t_pembelian_retur,kd_jenis,char,No,
dbo,t_pembelian_retur,kd_kas,char,No,
dbo,t_pembelian_retur,tanggal,datetime,No,
dbo,t_pembelian_retur,no_bukti,varchar,No,
dbo,t_pembelian_retur,diskon1,float,No,
dbo,t_pembelian_retur,diskon2,float,No,
dbo,t_pembelian_retur,diskon3,float,No,
dbo,t_pembelian_retur,diskon4,float,No,
dbo,t_pembelian_retur,pajak,float,No,
dbo,t_pembelian_retur,ppnbm,float,No,
dbo,t_pembelian_retur,keterangan,varchar,No,
dbo,t_pembelian_retur,kd_user,char,No,
dbo,t_pembelian_retur,tanggal_server,datetime,Yes,create default [DEF_TANGGAL_SERVER] as GETDATE()
dbo,t_pembelian_retur_detail,no_retur,varchar,No,
dbo,t_pembelian_retur_detail,kd_barang,varchar,No,
dbo,t_pembelian_retur_detail,kd_satuan,char,No,
dbo,t_pembelian_retur_detail,qty,float,No,
dbo,t_pembelian_retur_detail,harga,money,No,
dbo,t_pembelian_retur_detail,diskon1,float,No,
dbo,t_pembelian_retur_detail,diskon2,float,No,
dbo,t_pembelian_retur_detail,diskon3,float,No,
dbo,t_pembelian_retur_detail,diskon4,float,No,
dbo,t_penambahan_kas,no_transaksi,varchar,No,
dbo,t_penambahan_kas,tanggal,datetime,No,
dbo,t_penambahan_kas,kd_kas,char,No,
dbo,t_penambahan_kas,nominal,money,No,
dbo,t_penambahan_kas,keterangan,varchar,No,
dbo,t_penambahan_kas,kd_user,char,No,
dbo,t_pendapatan,no_transaksi,varchar,No,
dbo,t_pendapatan,kd_divisi,char,No,
dbo,t_pendapatan,kd_pendapatan,char,No,
dbo,t_pendapatan,kd_jenis,char,No,
dbo,t_pendapatan,kd_kas,char,No,
dbo,t_pendapatan,tanggal,datetime,No,
dbo,t_pendapatan,nominal,money,No,
dbo,t_pendapatan,no_bukti,varchar,No,
dbo,t_pendapatan,keterangan,varchar,No,
dbo,t_pendapatan,kd_user,char,No,
dbo,t_pendapatan,tanggal_server,datetime,Yes,create default [DEF_TANGGAL_SERVER] as GETDATE()
dbo,t_penjualan,no_transaksi,varchar,No,
dbo,t_penjualan,kd_customer,varchar,No,
dbo,t_penjualan,kd_divisi,char,No,
dbo,t_penjualan,kd_jenis,char,No,
dbo,t_penjualan,kd_kas,char,No,
dbo,t_penjualan,kd_voucher,char,No,
dbo,t_penjualan,no_bukti,varchar,No,
dbo,t_penjualan,tanggal,datetime,No,
dbo,t_penjualan,tanggal_jatuh_tempo,datetime,No,
dbo,t_penjualan,status,tinyint,No,
dbo,t_penjualan,diskon1,float,No,
dbo,t_penjualan,diskon2,float,No,
dbo,t_penjualan,diskon3,float,No,
dbo,t_penjualan,diskon4,float,No,
dbo,t_penjualan,diskon_uang,float,No,
dbo,t_penjualan,pajak,float,No,
dbo,t_penjualan,keterangan,varchar,No,
dbo,t_penjualan,kd_user,char,No,
dbo,t_penjualan,tanggal_server,datetime,Yes,create default [DEF_TANGGAL_SERVER] as GETDATE()
dbo,t_penjualan,tanggal_setor,datetime,Yes,
dbo,t_penjualan_detail,no_transaksi,varchar,No,
dbo,t_penjualan_detail,kd_barang,varchar,No,
dbo,t_penjualan_detail,kd_satuan,char,No,
dbo,t_penjualan_detail,kd_pegawai,char,No,
dbo,t_penjualan_detail,jenis,tinyint,No,
dbo,t_penjualan_detail,diskon1,float,No,
dbo,t_penjualan_detail,diskon2,float,No,
dbo,t_penjualan_detail,diskon3,float,No,
dbo,t_penjualan_detail,diskon4,float,No,
dbo,t_penjualan_detail,harga_jual,money,No,
dbo,t_penjualan_detail,qty,float,No,
dbo,t_penjualan_detail,point1,float,No,
dbo,t_penjualan_detail,point2,float,No,
dbo,t_penjualan_detail,total,float,Yes,
dbo,t_penjualan_detail_pegawai,no_transaksi,varchar,No,
dbo,t_penjualan_detail_pegawai,kd_pegawai,char,No,
dbo,t_penjualan_jasa,no_transaksi,varchar,No,
dbo,t_penjualan_jasa,kd_customer,varchar,No,
dbo,t_penjualan_jasa,kd_divisi,char,No,
dbo,t_penjualan_jasa,kd_jenis,char,No,
dbo,t_penjualan_jasa,kd_kas,char,No,
dbo,t_penjualan_jasa,kd_voucher,char,No,
dbo,t_penjualan_jasa,no_bukti,varchar,No,
dbo,t_penjualan_jasa,tanggal_pesan,datetime,No,
dbo,t_penjualan_jasa,awal,datetime,No,
dbo,t_penjualan_jasa,akhir,datetime,No,
dbo,t_penjualan_jasa,status,tinyint,No,
dbo,t_penjualan_jasa,diskon,float,No,
dbo,t_penjualan_jasa,pajak,float,No,
dbo,t_penjualan_jasa,services,float,Yes,
dbo,t_penjualan_jasa,other,float,No,
dbo,t_penjualan_jasa,keterangan,varchar,No,
dbo,t_penjualan_jasa,kd_user,char,No,
dbo,t_penjualan_jasa,tanggal_server,datetime,Yes,
dbo,t_penjualan_jasa_detail,no_transaksi,varchar,No,
dbo,t_penjualan_jasa_detail,kd_pegawai,char,No,
dbo,t_penjualan_jasa_detail,kd_jasa,char,No,
dbo,t_penjualan_jasa_detail,qty,float,No,
dbo,t_penjualan_jasa_detail,harga,float,No,
dbo,t_penjualan_jasa_detail,diskon,money,No,
dbo,t_penjualan_koin,ket,varchar,No,
dbo,t_penjualan_koin,nominal,money,No,
dbo,t_penjualan_koin,qty,float,No,
dbo,t_penjualan_nota_kosong,no_transaksi,varchar,No,
dbo,t_penjualan_nota_kosong,keterangan,varchar,No,
dbo,t_penjualan_nota_kosong,kd_user,char,No,
dbo,t_penjualan_nota_kosong,tanggal_server,datetime,Yes,create default [DEF_TANGGAL_SERVER] as GETDATE()
dbo,t_penjualan_order,no_order,varchar,No,
dbo,t_penjualan_order,kd_customer,varchar,No,
dbo,t_penjualan_order,kd_divisi,char,No,
dbo,t_penjualan_order,kd_jenis,char,No,
dbo,t_penjualan_order,kd_kas,char,No,
dbo,t_penjualan_order,kd_voucher,char,No,
dbo,t_penjualan_order,no_bukti,varchar,No,
dbo,t_penjualan_order,tanggal,datetime,No,
dbo,t_penjualan_order,tanggal_terima,datetime,No,
dbo,t_penjualan_order,status,tinyint,No,
dbo,t_penjualan_order,diskon1,float,No,
dbo,t_penjualan_order,diskon2,float,No,
dbo,t_penjualan_order,diskon3,float,No,
dbo,t_penjualan_order,diskon4,float,No,
dbo,t_penjualan_order,diskon_uang,float,No,
dbo,t_penjualan_order,pajak,float,No,
dbo,t_penjualan_order,keterangan,varchar,No,
dbo,t_penjualan_order,jaminan,money,No,
dbo,t_penjualan_order,kd_user,char,No,
dbo,t_penjualan_order,tanggal_server,datetime,Yes,
dbo,t_penjualan_order,no_transaksi,varchar,Yes,
dbo,t_penjualan_order_detail,no_order,varchar,No,
dbo,t_penjualan_order_detail,kd_barang,varchar,No,
dbo,t_penjualan_order_detail,kd_satuan,char,No,
dbo,t_penjualan_order_detail,kd_pegawai,char,No,
dbo,t_penjualan_order_detail,jenis,tinyint,No,
dbo,t_penjualan_order_detail,diskon1,float,No,
dbo,t_penjualan_order_detail,diskon2,float,No,
dbo,t_penjualan_order_detail,diskon3,float,No,
dbo,t_penjualan_order_detail,diskon4,float,No,
dbo,t_penjualan_order_detail,harga_jual,money,No,
dbo,t_penjualan_order_detail,qty,float,No,
dbo,t_penjualan_point,no_transaksi,varchar,No,
dbo,t_penjualan_point,kd_pegawai,char,No,
dbo,t_penjualan_point,tanggal,datetime,No,
dbo,t_penjualan_point,jenis,tinyint,No,
dbo,t_penjualan_point,awal,datetime,No,
dbo,t_penjualan_point,akhir,datetime,No,
dbo,t_penjualan_point,qty,float,No,
dbo,t_penjualan_point,nominal,money,No,
dbo,t_penjualan_point,lantai,tinyint,No,
dbo,t_penjualan_point,divisi,char,No,
dbo,t_penjualan_point,kd_user,char,No,
dbo,t_penjualan_point,tanggal_server,datetime,Yes,create default [DEF_TANGGAL_SERVER] as GETDATE()
dbo,t_penjualan_retur,no_retur,varchar,No,
dbo,t_penjualan_retur,kd_divisi,char,No,
dbo,t_penjualan_retur,kd_customer,varchar,No,
dbo,t_penjualan_retur,kd_jenis,char,No,
dbo,t_penjualan_retur,kd_kas,char,No,
dbo,t_penjualan_retur,tanggal,datetime,No,
dbo,t_penjualan_retur,no_bukti,varchar,No,
dbo,t_penjualan_retur,diskon1,float,No,
dbo,t_penjualan_retur,diskon2,float,No,
dbo,t_penjualan_retur,diskon3,float,No,
dbo,t_penjualan_retur,diskon4,float,No,
dbo,t_penjualan_retur,pajak,float,No,
dbo,t_penjualan_retur,keterangan,varchar,No,
dbo,t_penjualan_retur,kd_user,char,No,
dbo,t_penjualan_retur,tanggal_server,datetime,Yes,create default [DEF_TANGGAL_SERVER] as GETDATE()
dbo,t_penjualan_retur_detail,no_retur,varchar,No,
dbo,t_penjualan_retur_detail,kd_barang,varchar,No,
dbo,t_penjualan_retur_detail,kd_satuan,char,No,
dbo,t_penjualan_retur_detail,kd_pegawai,char,No,
dbo,t_penjualan_retur_detail,harga_jual,money,No,
dbo,t_penjualan_retur_detail,qty,float,No,
dbo,t_penjualan_retur_detail,diskon1,float,No,
dbo,t_penjualan_retur_detail,diskon2,float,No,
dbo,t_penjualan_retur_detail,diskon3,float,No,
dbo,t_penjualan_retur_detail,diskon4,float,No,
dbo,t_penjualan_selected,no_transaksi,varchar,No,
dbo,t_penjualan_selected,tanggal,datetime,No,
dbo,t_penjualan_selected,total,money,No,
dbo,t_penjualan_total,no_transaksi,varchar,No,
dbo,t_penjualan_total,total,money,No,
dbo,t_piutang_cicilan,no_cicilan,varchar,No,
dbo,t_piutang_cicilan,no_transaksi,varchar,No,
dbo,t_piutang_cicilan,kd_jenis,char,No,
dbo,t_piutang_cicilan,kd_pegawai,char,No,
dbo,t_piutang_cicilan,kd_kas,char,Yes,
dbo,t_piutang_cicilan,nominal,money,No,
dbo,t_piutang_cicilan,other,float,Yes,
dbo,t_piutang_cicilan,tanggal,datetime,No,
dbo,t_piutang_cicilan,no_bukti,varchar,No,
dbo,t_piutang_cicilan,keterangan,varchar,No,
dbo,t_piutang_cicilan,kd_user,char,No,
dbo,t_piutang_cicilan,tanggal_server,datetime,Yes,create default [DEF_TANGGAL_SERVER] as GETDATE()
dbo,t_piutang_jasa_cicilan,no_cicilan,varchar,No,
dbo,t_piutang_jasa_cicilan,no_transaksi,varchar,No,
dbo,t_piutang_jasa_cicilan,kd_jenis,char,No,
dbo,t_piutang_jasa_cicilan,kd_pegawai,char,No,
dbo,t_piutang_jasa_cicilan,kd_kas,char,No,
dbo,t_piutang_jasa_cicilan,nominal,money,No,
dbo,t_piutang_jasa_cicilan,other,float,No,
dbo,t_piutang_jasa_cicilan,tanggal,datetime,No,
dbo,t_piutang_jasa_cicilan,no_bukti,varchar,No,
dbo,t_piutang_jasa_cicilan,keterangan,varchar,No,
dbo,t_piutang_jasa_cicilan,kd_user,char,No,
dbo,t_piutang_jasa_cicilan,tanggal_server,datetime,Yes,
dbo,t_prive,no_transaksi,varchar,No,
dbo,t_prive,tanggal,datetime,No,
dbo,t_prive,kd_kas,char,No,
dbo,t_prive,nominal,money,No,
dbo,t_prive,keterangan,varchar,No,
dbo,t_prive,kd_user,char,No,
dbo,t_sewa,no_transaksi,varchar,No,
dbo,t_sewa,tanggal,datetime,No,
dbo,t_sewa,kd_customer,char,No,
dbo,t_sewa,awal,datetime,No,
dbo,t_sewa,akhir,datetime,No,
dbo,t_sewa,harga,float,No,
dbo,t_sewa,diskon1,float,No,
dbo,t_sewa,diskon2,float,No,
dbo,t_sewa,diskon3,float,No,
dbo,t_sewa,diskon4,float,No,
dbo,t_sewa,status,tinyint,No,
dbo,t_sewa,jenis,tinyint,No,
dbo,t_sewa,kd_item,char,No,
dbo,t_surat_berharga,no_surat_berharga,varchar,No,
dbo,t_surat_berharga,kd_bank,char,No,
dbo,t_surat_berharga,kd_jenis,char,No,
dbo,t_surat_berharga,kd_pihak_lain,varchar,No,
dbo,t_surat_berharga,nominal,money,No,
dbo,t_surat_berharga,tanggal_terima,datetime,No,
dbo,t_surat_berharga,tanggal_jatuh_tempo,datetime,No,
dbo,t_surat_berharga,tanggal_setor,datetime,Yes,
dbo,t_surat_berharga,tanggal_cair,datetime,Yes,
dbo,t_surat_berharga,kd_kas_setor,char,Yes,
dbo,t_surat_berharga,status_asal,tinyint,No,
dbo,t_surat_berharga,status_blong,tinyint,No,
dbo,t_surat_berharga,keterangan,varchar,No,
dbo,t_surat_berharga,kd_user,char,No,
dbo,t_surat_berharga,tanggal_server,datetime,Yes,create default [DEF_TANGGAL_SERVER] as GETDATE()
dbo,t_tagihan,no_tagihan,varchar,No,
dbo,t_tagihan,kd_pegawai,char,No,
dbo,t_tagihan,keluar,datetime,No,
dbo,t_tagihan,kembali,datetime,No,
dbo,t_tagihan,kd_user,char,Yes,
dbo,t_tagihan,tanggal_server,datetime,Yes,create default [DEF_TANGGAL_SERVER] as GETDATE()
dbo,t_tagihan_detail,no_tagihan,varchar,No,
dbo,t_tagihan_detail,no_transaksi,varchar,No,
dbo,t_tagihan_detail,status,tinyint,No,
dbo,t_tagihan_detail,keterangan,varchar,No,
dbo,t_tagihan_detail,kembali,datetime,Yes,
dbo,t_transaksi_barang,no_transaksi,varchar,No,
dbo,t_transaksi_barang,kd_divisi,char,No,
dbo,t_transaksi_barang,tanggal,datetime,No,
dbo,t_transaksi_barang,keterangan,varchar,No,
dbo,t_transaksi_barang,no_nota,varchar,No,
dbo,t_transaksi_barang,penerima,varchar,No,
dbo,t_transaksi_barang,gudang,varchar,No,
dbo,t_transaksi_barang,kd_user,char,No,
dbo,t_transaksi_barang,jenis,tinyint,No,
dbo,t_transaksi_barang_detail,no_transaksi,varchar,No,
dbo,t_transaksi_barang_detail,kd_barang,varchar,No,
dbo,t_transaksi_barang_detail,kd_satuan,char,No,
dbo,t_transaksi_barang_detail,qty,float,No,
dbo,t_warning,no_transaksi,varchar,No,
dbo,t_warning,tanggal,datetime,No,
dbo,t_warning,awal_pesan,datetime,No,
dbo,t_warning,akhir_pesan,datetime,No,
dbo,t_warning,berakhir,datetime,No,
dbo,t_warning,subjek,varchar,No,
dbo,t_warning,keterangan,varchar,No,
dbo,t_warning,status,tinyint,No,
dbo,t_warning,kd_user,char,No,
dbo,tbl_log,id,int,No,
dbo,tbl_log,waktu,datetime,Yes,(getdate())
dbo,tbl_log,aksi,varchar,Yes,
dbo,tbl_log,divisi_id,char,Yes,
dbo,tbl_log,formatted_data,varchar,Yes,
dbo,tbl_log,table_aksi,varchar,Yes,
dbo,tbl_log_transaksi,id,int,No,
dbo,tbl_log_transaksi,waktu,datetime,Yes,(getdate())
dbo,tbl_log_transaksi,aksi,varchar,Yes,
dbo,tbl_log_transaksi,divisi_id,char,Yes,
dbo,tbl_log_transaksi,formatted_data,varchar,Yes,
dbo,tbl_log_transaksi,table_aksi,varchar,Yes,
dbo,tbl_tmp_get,id,int,No,
dbo,tbl_tmp_get,tanggal,datetime,Yes,(getdate())
dbo,tbl_tmp_get,query,varchar,Yes,
dbo,tbl_tmp_get,divisi_id,char,Yes,
dbo,tbl_tmp_get,formatted_data,varchar,Yes,
dbo,tbl_tmp_get,table_aksi,varchar,Yes,
dbo,tbl_tmp_post,id,int,No,
dbo,tbl_tmp_post,waktu,datetime,Yes,(getdate())
dbo,tbl_tmp_post,query,varchar,Yes,
dbo,tbl_tmp_post,divisi_id,char,Yes,
dbo,tbl_tmp_post,status,varchar,Yes,('waiting')
dbo,tbl_tmp_post,formatted_data,varchar,Yes,
dbo,tbl_tmp_post,table_aksi,varchar,Yes,
dbo,tbl_utc,utc,varchar,Yes,
dbo,tbl_waktu_get,waktu,datetime,Yes,
dbo,tem_tab,record,varchar,Yes,
dbo,x_penjualan,no_transaksi,varchar,No,
dbo,x_penjualan,kd_customer,varchar,No,
dbo,x_penjualan,kd_divisi,char,No,
dbo,x_penjualan,kd_jenis,char,No,
dbo,x_penjualan,kd_kas,char,No,
dbo,x_penjualan,kd_voucher,char,No,
dbo,x_penjualan,no_bukti,varchar,No,
dbo,x_penjualan,tanggal,datetime,No,
dbo,x_penjualan,tanggal_jatuh_tempo,datetime,No,
dbo,x_penjualan,status,tinyint,No,
dbo,x_penjualan,diskon1,float,No,
dbo,x_penjualan,diskon2,float,No,
dbo,x_penjualan,diskon3,float,No,
dbo,x_penjualan,diskon4,float,No,
dbo,x_penjualan,diskon_uang,float,No,
dbo,x_penjualan,pajak,float,No,
dbo,x_penjualan,keterangan,varchar,No,
dbo,x_penjualan,kd_user,char,No,
dbo,x_penjualan,tanggal_server,datetime,Yes,
dbo,x_penjualan,tanggal_setor,datetime,Yes,
dbo,x_penjualan_detail,no_transaksi,varchar,No,
dbo,x_penjualan_detail,kd_barang,varchar,No,
dbo,x_penjualan_detail,kd_satuan,char,No,
dbo,x_penjualan_detail,kd_pegawai,char,No,
dbo,x_penjualan_detail,jenis,tinyint,No,
dbo,x_penjualan_detail,diskon1,float,No,
dbo,x_penjualan_detail,diskon2,float,No,
dbo,x_penjualan_detail,diskon3,float,No,
dbo,x_penjualan_detail,diskon4,float,No,
dbo,x_penjualan_detail,harga_jual,money,No,
dbo,x_penjualan_detail,qty,float,No,
dbo,x_penjualan_detail,point1,float,No,
dbo,x_penjualan_detail,point2,float,No,
dbo,x_penjualan_detail,total,float,Yes,
dbo,x_penjualan_log_warning,no_transaksi,varchar,No,
dbo,x_penjualan_log_warning,tanggal,datetime,No,
dbo,x_penjualan_log_warning,jenis,varchar,No,
dbo,x_penjualan_log_warning,kd_barang,varchar,No,
dbo,x_penjualan_log_warning,qty,float,No,
dbo,x_penjualan_log_warning,kd_user,char,No,
